477972.465340427, 3638147.250314925, -0.0015747550889614551
477972.46327019465, 3638147.0212110984, 0.2
477972.4596739255, 3638146.8068918684, 0.2
477972.46227662533, 3638146.5759299677, 0.2
477972.4555252151, 3638146.344988939, 0.2
477972.45343436906, 3638146.1066469178, 0.2
477972.4357533383, 3638145.868339681, 0.2
477972.42431662616, 3638145.6337138116, 0.2
477972.40819461015, 3638145.3954030955, 0.2
477972.390521825, 3638145.1607911396, 0.2
477972.37283666857, 3638144.920636264, 0.2
477972.35829015984, 3638144.6897126297, 0.2
477972.34527381253, 3638144.4458520412, 0.2
477972.3244994754, 3638144.2186376, 0.2
477972.3099364762, 3638143.980323407, 0.2
477972.28913740104, 3638143.74202313, 0.2
477972.2698973438, 3638143.503719375, 0.2
477972.2475392456, 3638143.265422576, 0.2
477972.21737368597, 3638143.021600252, 0.2
477972.1950073424, 3638142.779608174, 0.2
477972.16795569536, 3638142.5339312553, 0.2
477972.14401383715, 3638142.284552099, 0.2
477972.113852395, 3638142.0425774157, 0.2
477972.08679662127, 3638141.7950528557, 0.2
477972.050386729, 3638141.5475491695, 0.2
477972.0171031213, 3638141.303733805, 0.2
477971.9837906526, 3638141.0469849636, 0.2
477971.9536127118, 3638140.797619723, 0.2
477971.90939947066, 3638140.5464381524, 0.2
477971.87143055274, 3638140.298937945, 0.2
477971.83346987853, 3638140.0551330186, 0.2
477971.787714103, 3638139.811345485, 0.2
477971.7373183747, 3638139.5841971454, 0.2
477971.69310924574, 3638139.334863216, 0.2
477971.63644445204, 3638139.0929476735, 0.2
477971.58132218145, 3638138.843638096, 0.2
477971.53245660325, 3638138.603552801, 0.2
477971.5194484747, 3638138.363387493, 0.2
477971.5002042668, 3638138.1232361007, 0.2
477971.4903224198, 3638137.886759114, 0.2
477971.48509701964, 3638137.641033495, 0.2
477971.49857573654, 3638137.3934184895, 0.2
477971.50272094697, 3638137.155062554, 0.2
477971.51465713425, 3638136.914841586, 0.2
477971.5281564649, 3638136.6764647774, 0.2
477971.53853775637, 3638136.4380949275, 0.2
477971.55048219126, 3638136.2015692387, 0.2
477971.5639897696, 3638135.9668877106, 0.2
477971.5697187398, 3638135.739614136, 0.2
477971.5785781213, 3638135.517876519, 0.2
477971.5780957486, 3638135.3017026964, 0.2
477971.5807396596, 3638135.089217194, 0.2
477971.5880441424, 3638134.869330698, 0.2
477971.5891249155, 3638134.655001036, 0.2
477971.59020980675, 3638134.442519013, 0.2
477971.5928537208, 3638134.23003351, 0.2
477971.5923713487, 3638134.0138596874, 0.2
477971.59033820423, 3638133.8013846213, 0.2
477971.5851787685, 3638133.585221236, 0.2
477971.58470051916, 3638133.3708950505, 0.2
477971.5857441871, 3638133.1399366343, 0.2
477971.5774708329, 3638132.9256278444, 0.2
477971.5629655214, 3638132.713180611, 0.2
477971.5609364968, 3638132.5025531854, 0.2
477971.54488040955, 3638132.2938047084, 0.2
477971.5319506086, 3638132.088744553, 0.2
477971.51587390585, 3638131.8707578797, 0.2
477971.49981369387, 3638131.6601617644, 0.2
477971.485312502, 3638131.44956217, 0.2
477971.464558735, 3638131.231585934, 0.2
477971.44226655824, 3638131.0228513717, 0.2
477971.4153014433, 3638130.8159748884, 0.2
477971.39922061336, 3638130.596140575, 0.2
477971.37536116963, 3638130.3837142144, 0.2
477971.35150584544, 3638130.173135494, 0.2
477971.3198636635, 3638129.966269447, 0.2
477971.3069173638, 3638129.753818734, 0.2
477971.3345056107, 3638129.5412775725, 0.2
477971.32937090774, 3638129.3362000254, 0.2
477971.37878957717, 3638129.125457798, 0.2
477971.41887885676, 3638128.925822283, 0.2
477971.47143618687, 3638128.724311298, 0.2
477971.5489378561, 3638128.5227446496, 0.2
477971.6077395217, 3638128.3249150296, 0.2
477971.68057237874, 3638128.1270540985, 0.2
477971.81425654766, 3638127.9512291723, 0.2
477971.9104788567, 3638127.755163702, 0.2
477971.992686466, 3638127.5665201, 0.2
477972.1216977067, 3638127.3925532512, 0.2
477972.2491334373, 3638127.2111993264, 0.2
477972.37036194565, 3638127.042792795, 0.2
477972.49314535694, 3638126.8725351472, 0.2
477972.6143573831, 3638126.69673806, 0.2
477972.78399802325, 3638126.5651764846, 0.2
477972.9333054291, 3638126.4040979026, 0.2
477973.0841759816, 3638126.2448634836, 0.2
477973.2334833972, 3638126.083784908, 0.2
477973.37967689463, 3638125.9245609273, 0.2
477973.5305639515, 3638125.772717074, 0.2
477973.6705172492, 3638125.6116593755, 0.2
477973.80892802187, 3638125.457995714, 0.2
477973.953550149, 3638125.293232304, 0.2
477974.0935075828, 3638125.1340222512, 0.2
477974.23188539007, 3638124.9655774795, 0.2
477974.3796461866, 3638124.8100453173, 0.2
477974.5304714418, 3638124.630486887, 0.2
477974.68132556067, 3638124.4638619334, 0.2
477974.82595596137, 3638124.3027938176, 0.2
477974.97054926713, 3638124.1250969474, 0.2
477975.1151631889, 3638123.956638276, 0.2
477975.2582222182, 3638123.7900307234, 0.2
477975.3996892511, 3638123.6086455374, 0.2
477975.5427441658, 3638123.4401903516, 0.2
477975.7217060591, 3638123.293826843, 0.2
477975.9069741202, 3638123.1788592967, 0.2
477976.08283034305, 3638123.0380456704, 0.2
477976.25871130504, 3638122.9083178835, 0.2
477976.4407995066, 3638122.765642712, 0.2
477976.61981088563, 3638122.6414508927, 0.2
477976.81288644567, 3638122.5320088924, 0.2
477976.9996929444, 3638122.407799692, 0.2
477977.2068780265, 3638122.3334315484, 0.2
477977.40619380947, 3638122.2258232883, 0.2
477977.6117786592, 3638122.132982235, 0.2
477977.828268425, 3638122.0364215644, 0.2
477978.0245032708, 3638121.9454490254, 0.2
477978.23167188384, 3638121.863690346, 0.2
477978.43882401416, 3638121.774541112, 0.2
477978.644429488, 3638121.6909382786, 0.2
477978.8531406479, 3638121.601785576, 0.2
477979.0618476901, 3638121.510785239, 0.2
477979.27056710026, 3638121.4253278226, 0.2
477979.4823921947, 3638121.334320539, 0.2
477979.6895361046, 3638121.241476052, 0.2
477979.8997856993, 3638121.1430816976, 0.2
477980.11162316916, 3638121.0576173454, 0.2
477980.3249866956, 3638120.957368405, 0.2
477980.54149299796, 3638120.86819835, 0.2
477980.7706280855, 3638120.849210783, 0.2
477980.9903760709, 3638120.815462969, 0.2
477981.2225797531, 3638120.7742967824, 0.2
477981.4532615035, 3638120.7497628354, 0.2
477981.67618111026, 3638120.740027394, 0.2
477981.8960032771, 3638120.7395371106, 0.2
477982.12049839034, 3638120.737188761, 0.2
477982.34653192206, 3638120.725598741, 0.2
477982.5741327182, 3638120.717700528, 0.2
477982.7955056664, 3638120.713511509, 0.2
477983.0402433478, 3638120.7000321425, 0.2
477983.2678523862, 3638120.6958292252, 0.2
477983.4954449425, 3638120.6842357554, 0.2
477983.72304161976, 3638120.67448993, 0.2
477983.94752025255, 3638120.6647510636, 0.2
477984.17822673696, 3638120.651303018, 0.2
477984.40112986416, 3638120.634177079, 0.2
477984.6287141822, 3638120.618888357, 0.2
477984.8516214359, 3638120.6036100686, 0.2
477985.0760918307, 3638120.590175951, 0.2
477985.3067941955, 3638120.5748802903, 0.2
477985.5281259455, 3638120.5522149373, 0.2
477985.75257986155, 3638120.5313902744, 0.2
477985.96456983907, 3638120.51428871, 0.2
477986.1859057119, 3638120.4934710106, 0.2
477986.4009890132, 3638120.4652766646, 0.2
477986.62698547775, 3638120.4370579887, 0.2
477986.8514311586, 3638120.412538071, 0.2
477987.08052918845, 3638120.376921895, 0.2
477987.29873466195, 3638120.3505682554, 0.2
477987.5279480502, 3638120.3666859954, 0.2
477987.73684470786, 3638120.3606772562, 0.2
477987.95825886296, 3638120.374964746, 0.2
477988.1858885087, 3638120.3800001405, 0.2
477988.4135140345, 3638120.3831879008, 0.2
477988.6411560386, 3638120.393766223, 0.2
477988.8641250944, 3638120.406202618, 0.2
477989.0917423801, 3638120.4056951143, 0.2
477989.3193514269, 3638120.4014923368, 0.2
477989.54850713786, 3638120.39174317, 0.2
477989.77142675937, 3638120.3820079123, 0.2
477989.99746030685, 3638120.3704180676, 0.2
477990.21584703843, 3638120.4253606303, 0.2
477990.43890671566, 3638120.478445129, 0.2
477990.6510820681, 3638120.544487439, 0.2
477990.86943583837, 3638120.5846488997, 0.2
477991.0831496121, 3638120.6414495464, 0.2
477991.30463378073, 3638120.6871469836, 0.2
477991.51989833394, 3638120.7402488864, 0.2
477991.74608016066, 3638120.795174103, 0.2
477991.96913158306, 3638120.8445633585, 0.2
477992.18751829286, 3638120.8995059626, 0.2
477992.4183359901, 3638120.9359443733, 0.2
477992.6413750492, 3638120.9797907253, 0.2
477992.8675197945, 3638121.0180872115, 0.2
477993.092097278, 3638121.052691901, 0.2
477993.3120512367, 3638121.111326335, 0.2
477993.5320257863, 3638121.17919897, 0.2
477993.75045778515, 3638121.2544656433, 0.2
477993.97200370673, 3638121.3278777315, 0.2
477994.1997610026, 3638121.3901900887, 0.2
477994.4275224142, 3638121.4543500887, 0.2
477994.6506191114, 3638121.5240634363, 0.2
477994.8690222647, 3638121.58639666, 0.2
477995.09367797803, 3638121.656106543, 0.2
477995.31830485945, 3638121.7128829565, 0.2
477995.54138507106, 3638121.775205768, 0.2
477995.7644488066, 3638121.830138027, 0.2
477995.97350193077, 3638121.8943397626, 0.2
477996.1701446478, 3638121.986283895, 0.2
477996.36993011227, 3638122.0893069166, 0.2
477996.5774900951, 3638122.1830743724, 0.2
477996.764902211, 3638122.330468548, 0.2
477996.95696667925, 3638122.4667664664, 0.2
477997.1272666032, 3638122.6308276285, 0.2
477997.31156065577, 3638122.7782287644, 0.2
477997.48652116035, 3638122.9348889505, 0.2
477997.6676889243, 3638123.078601764, 0.2
477997.8395231404, 3638123.2315736255, 0.2
477998.02226638724, 3638123.3826735285, 0.2
477998.19721039844, 3638123.53194317, 0.2
477998.3721461711, 3638123.6775175333, 0.2
477998.54398448125, 3638123.8323370474, 0.2
477998.7189202435, 3638123.9779114183, 0.2
477998.8923093294, 3638124.1290321844, 0.2
477999.06103781523, 3638124.287553935, 0.2
477999.2344268929, 3638124.438674708, 0.2
477999.4062610611, 3638124.5916465973, 0.2
477999.5749854131, 3638124.7483207183, 0.2
477999.75305565767, 3638124.901278717, 0.2
477999.91867842793, 3638125.0653503486, 0.2
478000.08427236794, 3638125.2164885076, 0.2
478000.2498580679, 3638125.363931391, 0.2
478000.42013318255, 3638125.5169067727, 0.2
478000.59040005715, 3638125.6661868775, 0.2
478000.7637890848, 3638125.8173076776, 0.2
478000.9309584925, 3638125.9758329345, 0.2
478001.10124593566, 3638126.1343512465, 0.2
478001.2715251411, 3638126.289174281, 0.2
478001.44181257335, 3638126.4476925996, 0.2
478001.6167688325, 3638126.6025052187, 0.2
478001.79016606236, 3638126.7573213144, 0.2
478001.92934715824, 3638126.9491666323, 0.2
478002.0249044695, 3638127.1540426994, 0.2
478002.10646352154, 3638127.3737311503, 0.2
478002.1957806227, 3638127.5767734763, 0.2
478002.2897789012, 3638127.7816530196, 0.2
478002.38689110125, 3638127.984677979, 0.2
478002.4793179996, 3638128.184018079, 0.2
478002.5234728732, 3638128.409332826, 0.2
478002.56763186184, 3638128.636495213, 0.2
478002.6180063503, 3638128.854405507, 0.2
478002.6637120049, 3638129.076021501, 0.2
478002.69071764126, 3638129.3013744624, 0.2
478002.6959052114, 3638129.530471336, 0.2
478002.715119858, 3638129.757689306, 0.2
478002.7343427353, 3638129.988602554, 0.2
478002.750431102, 3638130.2121321936, 0.2
478002.77586535923, 3638130.43194571, 0.2
478002.79352098156, 3638130.659167155, 0.2
478002.8205266062, 3638130.8845201163, 0.2
478002.84753223445, 3638131.109873078, 0.2
478002.8760762949, 3638131.325984367, 0.2
478002.8874834775, 3638131.5476767896, 0.2
478002.90824478585, 3638131.7693483685, 0.2
478002.9243290291, 3638131.991030368, 0.2
478002.93885013176, 3638132.210868203, 0.2
478002.95025319746, 3638132.4307129863, 0.2
478002.9398217366, 3638132.6469111224, 0.2
478002.9449887175, 3638132.8667698004, 0.2
478002.951722955, 3638133.0903202845, 0.2
478002.96156699676, 3638133.310168541, 0.2
478002.9651955414, 3638133.53926889, 0.2
478002.97661095374, 3638133.7646565903, 0.2
478002.9849206759, 3638133.9955941592, 0.2
478003.0025515837, 3638134.2117297673, 0.2
478003.017093269, 3638134.4408058007, 0.2
478003.0347241778, 3638134.656941409, 0.2
478003.0492493916, 3638134.8786268844, 0.2
478003.07312049647, 3638135.0965962377, 0.2
478003.09077198536, 3638135.3219700437, 0.2
478003.11621033994, 3638135.5436312025, 0.2
478003.1369716333, 3638135.765302784, 0.2
478003.16551567736, 3638135.9814140755, 0.2
478003.18783187185, 3638136.2012345428, 0.2
478003.21793904813, 3638136.4191900003, 0.2
478003.2480297578, 3638136.6297549033, 0.2
478003.2859320285, 3638136.8476929916, 0.2
478003.3207162626, 3638137.0656380295, 0.2
478003.3586020649, 3638137.276185561, 0.2
478003.40117727796, 3638137.4922655914, 0.2
478003.44842954597, 3638137.7083351994, 0.2
478003.5003424059, 3638137.9170038286, 0.2
478003.54913722206, 3638138.1256794073, 0.2
478003.6072943876, 3638138.3380294195, 0.2
478003.60620057245, 3638138.546816158, 0.2
478003.6409559759, 3638138.75182772, 0.2
478003.6679039275, 3638138.951313733, 0.2
478003.69174207264, 3638139.1545019737, 0.2
478003.71871884237, 3638139.366921463, 0.2
478003.7191963951, 3638139.581247647, 0.2
478003.719669831, 3638139.793726189, 0.2
478003.7201638511, 3638140.0154429316, 0.2
478003.72684866097, 3638140.2168217422, 0.2
478003.73977778625, 3638140.4218819393, 0.2
478003.71684122947, 3638140.623326752, 0.2
478003.67207840673, 3638140.8248201967, 0.2
478003.6475787187, 3638141.024420846, 0.2
478003.6123058682, 3638141.2868655524, 0.2
478003.57702890516, 3638141.54746262, 0.2
478003.463607494, 3638141.721394322, 0.2
478003.38294607186, 3638141.9044912714, 0.2
478003.3022846527, 3638142.0875882204, 0.2
478003.2030426358, 3638142.328003682, 0.2
478003.08823925053, 3638142.5813873596, 0.2
478002.98430783383, 3638142.8162703263, 0.2
478002.89896937297, 3638142.9993777014, 0.2
478002.82299326255, 3638143.186159513, 0.2
478002.71439715324, 3638143.4265958243, 0.2
478002.60891908687, 3638143.667025188, 0.2
478002.5313798537, 3638143.851962835, 0.2
478002.4444865087, 3638144.0369213284, 0.2
478002.3591563028, 3638144.223723987, 0.2
478002.21451339964, 3638144.379248788, 0.2
478002.10264282976, 3638144.5494817514, 0.2
478001.98767069523, 3638144.727112222, 0.2
478001.87267386174, 3638144.8936568573, 0.2
478001.7623705567, 3638145.0675816317, 0.2
478001.6489574529, 3638145.2452086317, 0.2
478001.53865827306, 3638145.420981047, 0.2
478001.4268000786, 3638145.596756936, 0.2
478001.3149583573, 3638145.779923387, 0.2
478001.2093280101, 3638145.9519901033, 0.2
478001.1005755124, 3638146.1222161306, 0.2
478000.99184360524, 3638146.3016803577, 0.2
478000.8799936654, 3638146.4811515333, 0.2
478000.7448737421, 3638146.712408731, 0.2
478000.63769674883, 3638146.890021848, 0.2
478000.53207054286, 3638147.0639362116, 0.2
478000.4311296278, 3638147.2415354345, 0.2
478000.325524019, 3638147.4246879998, 0.2
478000.21524547244, 3638147.6096986267, 0.2
478000.1174473149, 3638147.7983767404, 0.2
478000.00407544785, 3638147.9944801573, 0.2
477999.9015920065, 3638148.179473417, 0.2
477999.72105884197, 3638148.3202970494, 0.2
477999.57336388656, 3638148.50539107, 0.2
477999.417812082, 3638148.6627878724, 0.2
477999.21693346335, 3638148.7685515285, 0.2
477999.0363714953, 3638148.8964416967, 0.2
477998.8150938836, 3638148.943126064, 0.2
477998.6188840953, 3638149.0451840325, 0.2
477998.4241756816, 3638149.1213715742, 0.2
477998.22483551136, 3638149.21789358, 0.2
477998.0254582838, 3638149.2977868333, 0.2
477997.8292073311, 3638149.3813684196, 0.2
477997.6298465819, 3638149.468652239, 0.2
477997.4258005466, 3638149.552251208, 0.2
477997.2295701967, 3638149.6450710054, 0.2
477997.023985741, 3638149.7379116546, 0.2
477996.8230701064, 3638149.827046604, 0.2
477996.6190034944, 3638149.9014073927, 0.2
477996.4274543281, 3638149.9960644203, 0.2
477996.2202779234, 3638150.0741274455, 0.2
477996.01937466004, 3638150.1688053305, 0.2
477995.8105857061, 3638150.222852526, 0.2
477995.59552773647, 3638150.2621325096, 0.2
477995.382065852, 3638150.3180377767, 0.2
477995.1717302422, 3638150.3776313793, 0.2
477994.9567217003, 3638150.4390830495, 0.2
477994.743243349, 3638150.487597774, 0.2
477994.5282389307, 3638150.550897095, 0.2
477994.3147852979, 3638150.610497664, 0.2
477994.09822186717, 3638150.67380047, 0.2
477993.87842508056, 3638150.685376323, 0.2
477993.6570363268, 3638150.682174539, 0.2
477993.4372518971, 3638150.6992933205, 0.2
477993.22055255296, 3638150.70162404, 0.2
477992.99920498545, 3638150.7168986667, 0.2
477992.7731432978, 3638150.71555497, 0.2
477992.55492200924, 3638150.734517935, 0.2
477992.3351458204, 3638150.7553320196, 0.2
477992.1168709814, 3638150.7502756803, 0.2
477991.8939067367, 3638150.7396868533, 0.2
477991.6788075999, 3638150.7604905274, 0.2
477991.46523865237, 3638150.7683572513, 0.2
477991.2438581377, 3638150.7688508015, 0.2
477991.0240160445, 3638150.7601026827, 0.2
477990.7963994589, 3638150.760610146, 0.2
477990.57498187013, 3638150.744474957, 0.2
477990.35512741766, 3638150.730183935, 0.2
477990.1353100367, 3638150.7325216713, 0.2
477989.92174108955, 3638150.7403884316, 0.2
477989.7019031138, 3638150.73348798, 0.2
477989.4805061201, 3638150.7265910124, 0.2
477989.2622230418, 3638150.717839459, 0.2
477989.04707035725, 3638150.7146238745, 0.2
477988.82411434484, 3638150.7077303967, 0.2
477988.6073985225, 3638150.7026706585, 0.2
477988.38601388625, 3638150.701316632, 0.2
477988.15991923877, 3638150.6851919256, 0.2
477987.935428926, 3638150.6893877806, 0.2
477987.7171458453, 3638150.6806362593, 0.2
477987.49265553255, 3638150.684832125, 0.2
477987.27126265573, 3638150.6797828465, 0.2
477987.0389648947, 3638150.678453186, 0.2
477986.8176008575, 3638150.6863373923, 0.2
477986.59000899, 3638150.69793079, 0.2
477986.3702039712, 3638150.7058115304, 0.2
477986.13636367343, 3638150.711875927, 0.2
477985.90719630633, 3638150.7160822577, 0.2
477985.6842691352, 3638150.7221223284, 0.2
477985.4551182519, 3638150.733719228, 0.2
477985.2337706958, 3638150.7489940287, 0.2
477985.0077254879, 3638150.755041067, 0.2
477984.789520693, 3638150.7813947625, 0.2
477984.5619247093, 3638150.7911405675, 0.2
477984.34058539907, 3638150.810110668, 0.2
477984.12392726314, 3638150.8309179824, 0.2
477983.90569774876, 3638150.8461858593, 0.2
477983.6859463028, 3638150.8780859755, 0.2
477983.46455342765, 3638150.873036781, 0.2
477983.25411900587, 3638150.8882872877, 0.2
477983.0389869257, 3638150.8943100325, 0.2
477982.8129169975, 3638150.8892712835, 0.2
477982.594621551, 3638150.8749769577, 0.2
477982.37168201996, 3638150.875474184, 0.2
477982.15656230494, 3638150.887039866, 0.2
477981.93673668854, 3638150.885682508, 0.2
477981.7075446031, 3638150.8788031, 0.2
477981.4861517267, 3638150.8737539505, 0.2
477981.26319983235, 3638150.8687082827, 0.2
477981.043382455, 3638150.871046224, 0.2
477980.81730840623, 3638150.8641598807, 0.2
477980.5927974935, 3638150.8591177063, 0.2
477980.37454325496, 3638150.8632998257, 0.2
477980.1515419069, 3638150.836082509, 0.2
477979.9332629401, 3638150.829178798, 0.2
477979.71029456065, 3638150.8167426074, 0.2
477979.4935746131, 3638150.8098354307, 0.2
477979.2690059983, 3638150.778926331, 0.2
477979.05070230074, 3638150.7609368046, 0.2
477978.8261666554, 3638150.7448088326, 0.2
477978.60320239404, 3638150.7342203064, 0.2
477978.37243891734, 3638150.7218015343, 0.2
477978.1572738626, 3638150.7130432697, 0.2
477977.92965727433, 3638150.7135510296, 0.2
477977.70981929, 3638150.706650846, 0.2
477977.4790475678, 3638150.6905368166, 0.2
477977.2608180619, 3638150.705804841, 0.2
477977.0362988995, 3638150.6970674675, 0.2
477976.813371727, 3638150.7031077384, 0.2
477976.595105125, 3638150.701747021, 0.2
477976.365941882, 3638150.707801214, 0.2
477976.14769176557, 3638150.7138310643, 0.2
477975.9185202814, 3638150.7161899884, 0.2
477975.6987317581, 3638150.7314615254, 0.2
477975.47270304256, 3638150.744899341, 0.2
477975.2529145205, 3638150.760170888, 0.2
477975.03312599915, 3638150.7754424387, 0.2
477974.8039668832, 3638150.7833443074, 0.2
477974.5888801498, 3638150.8096912717, 0.2
477974.36909575283, 3638150.826810478, 0.2
477974.14619744354, 3638150.8457842846, 0.2
477973.91704657464, 3638150.8573814533, 0.2
477973.6863531785, 3638150.876372663, 0.2
477973.4634796066, 3638150.9064323236, 0.2
477973.2358712673, 3638150.910635471, 0.2
477973.01285752916, 3638150.8778753956, 0.2
477972.79438479553, 3638150.784132786, 0.2
477972.63033338636, 3638150.6256010416, 0.2
477972.5160880834, 3638150.4300051914, 0.2
477972.4579591752, 3638150.2305888296, 0.2
477972.43866553804, 3638149.9682657574, 0.2
477972.49732691556, 3638149.7076163907, 0.2
477972.50765462103, 3638149.445227224, 0.2
477972.5102903023, 3638149.229046439, 0.2
477972.5113504749, 3638149.0054785726, 0.2
477972.50930910243, 3638148.789308224, 0.2
477972.49632986507, 3638148.5620763884, 0.2
477972.4740130119, 3638148.3422559844, 0.2
477972.46416830266, 3638148.12240775, 0.2
477972.45740864775, 3638147.8877714407, 0.2
477972.4538000105, 3638147.667909292, 0.0031556138798181097
